Month,Quantity Ordered,Sales
1,10903,1822256.73
2,13449,2202022.42
3,17005,2807100.38
4,20558,3390670.24
5,18667,3152606.75
6,15253,2577802.2600000002
7,16072,2647775.7600000002
8,13448,2244467.88
9,13109,2097560.13
10,22703,3736726.88
11,19798,3199603.2
12,28114,4613443.34
